<?xml version="1.0" ?>
<!-- comentários... -->
<dados>
	<viewport>
		<!-- viewport para uma janela de visualização de 620x460 com margem de  10pixels (area total de 640x480)-->
		<vpmin x="10" y="10"/>
		<vpmax x="630" y="470"/>
	</viewport>
	
	<window>
		<wmin x="0.0" y="0.0"/>
		<wmax x="10.0" y="10.0"/>
	</window>

	<ponto x="0" y="2"/>
	<ponto x="2" y="4"/>
	<ponto x="4" y="6"/>

	<reta>
		<ponto x="2" y="2"/>
		<ponto x="4" y="4"/>
	</reta>

	<reta>
		<ponto x="4" y="4"/>
		<ponto x="2" y="6"/>
	</reta>

	<poligono>
		<ponto x="1.0" y="1.0"/>
		<ponto x="1.0" y="2.0"/>
		<ponto x="2.0" y="2.0"/>
		<ponto x="2.0" y="1.0"/>
		<!-- <ponto> adicionais -->
	</poligono>
</dados>